{
  "app:toggle-left-sidebar": [
    {
      "modifiers": [
        "Mod"
      ],
      "key": "`"
    }
  ],
  "app:toggle-right-sidebar": [
    {
      "modifiers": [
        "Alt"
      ],
      "key": "`"
    }
  ],
  "starred:open": [
    {
      "modifiers": [
        "Alt"
      ],
      "key": "S"
    }
  ],
  "app:go-back": [
    {
      "modifiers": [
        "Alt"
      ],
      "key": "ArrowLeft"
    }
  ],
  "app:go-forward": [
    {
      "modifiers": [
        "Alt"
      ],
      "key": "ArrowRight"
    }
  ],
  "editor:insert-embed": [],
  "window:toggle-always-on-top": [
    {
      "modifiers": [
        "Alt"
      ],
      "key": "D"
    }
  ]
}