{
  "main": {
    "id": "abfbb8e4599780c3",
    "type": "split",
    "children": [
      {
        "id": "9cad5f98778f8c99",
        "type": "tabs",
        "children": [
          {
            "id": "545d0310bbf5e535",
            "type": "leaf",
            "state": {
              "type": "markdown",
              "state": {
                "file": "AZ-104/Docs - Virtual Machines.md",
                "mode": "source",
                "source": false
              }
            }
          },
          {
            "id": "afd93b6f8283ba29",
            "type": "leaf",
            "state": {
              "type": "markdown",
              "state": {
                "file": "Practice Answers.md",
                "mode": "preview",
                "source": false
              }
            }
          },
          {
            "id": "096c2f45f1bbef65",
            "type": "leaf",
            "state": {
              "type": "markdown",
              "state": {
                "file": "Book - Understanding and Managing Storage.md",
                "mode": "source",
                "source": false
              }
            }
          }
        ]
      }
    ],
    "direction": "vertical"
  },
  "left": {
    "id": "b8ce9362cfea4e4f",
    "type": "split",
    "children": [
      {
        "id": "c1c6d504f7954701",
        "type": "tabs",
        "children": [
          {
            "id": "79fee79ff603a2e3",
            "type": "leaf",
            "state": {
              "type": "file-explorer",
              "state": {
                "sortOrder": "byCreatedTime"
              }
            }
          },
          {
            "id": "69eb7c2a2f21eff0",
            "type": "leaf",
            "state": {
              "type": "search",
              "state": {
                "query": "\"Containers\"",
                "matchingCase": false,
                "explainSearch": false,
                "collapseAll": false,
                "extraContext": false,
                "sortOrder": "alphabetical"
              }
            }
          },
          {
            "id": "44075d3ee789df36",
            "type": "leaf",
            "state": {
              "type": "bookmarks",
              "state": {}
            }
          }
        ]
      }
    ],
    "direction": "horizontal",
    "width": 220.5
  },
  "right": {
    "id": "5a39803e7fefe4f8",
    "type": "split",
    "children": [
      {
        "id": "61f43f9b6168964d",
        "type": "tabs",
        "children": [
          {
            "id": "e4b6dcd6b956368c",
            "type": "leaf",
            "state": {
              "type": "backlink",
              "state": {
                "file": "AZ-104/Docs - Virtual Machines.md",
                "collapseAll": false,
                "extraContext": false,
                "sortOrder": "alphabetical",
                "showSearch": false,
                "searchQuery": "",
                "backlinkCollapsed": true,
                "unlinkedCollapsed": true
              }
            }
          },
          {
            "id": "59cc2386cfb7a626",
            "type": "leaf",
            "state": {
              "type": "outline",
              "state": {
                "file": "AZ-104/Docs - Virtual Machines.md"
              }
            }
          }
        ],
        "currentTab": 1
      }
    ],
    "direction": "horizontal",
    "width": 263.5,
    "collapsed": true
  },
  "left-ribbon": {
    "hiddenItems": {
      "switcher:Open quick switcher": false,
      "graph:Open graph view": false,
      "canvas:Create new canvas": false,
      "command-palette:Open command palette": false,
      "markdown-importer:Open format converter": false,
      "templates:Insert template": false,
      "workspaces:Manage workspace layouts": false,
      "table-editor-obsidian:Advanced Tables Toolbar": false
    }
  },
  "active": "545d0310bbf5e535",
  "lastOpenFiles": [
    "AZ-104 - Index.md",
    "Practice Answers.md",
    "Book - Understanding and Managing Storage.md",
    "Riaan Lowe, Donovan Kelly - Exam Ref AZ-104 Microsoft Azure Administrator Certification and Beyond_ A pragmatic guide to achieving the Azure administration certification, 2nd Edition-Packt Publishing.pdf",
    "attachments/Pasted image 20230625195704.png",
    "attachments/Pasted image 20230625195606.png",
    "attachments/Pasted image 20230625195310.png",
    "attachments/Pasted image 20230625194648.png",
    "Book - Managing Subscription.md",
    "AZ-104/Book - Managing Reource Groups.md",
    "AZ-104/Book - Azure AD Objects.md",
    "AZ-104/Book - Azure Policy.md",
    "AZ-104/Docs - Role-Based Access Control.md",
    "AZ-104/Book - RBAC.md",
    "attachments/Pasted image 20230601190037.png",
    "AZ-104/Docs - Network Watcher.md",
    "AZ-104/Docs - VM Insights.md",
    "AZ-104/Docs - Azure Infrastructure using JSON ARM templates.md",
    "AZ-104/Docs - Azure Storage Tools.md",
    "attachments/Pasted image 20230519164704.png",
    "AZ-104/Docs - Storage Accounts.md",
    "attachments/Pasted image 20230519163913.png",
    "AZ-104/Docs - Azure Active Directory.md",
    "AZ-900/Docs - Azure Identity.md",
    "AZ-104 Practical.md",
    "AZ-104/Docs - Azure App Service.md",
    "YouTube - freeCodeCamp.md",
    "AZ-104/Practice Tests.md",
    "AZ-104/Docs - Azure Application Gateway.md",
    "AZ-104/Docs - Azure Load Balancer.md",
    "AZ-104/Docs - Network Routing and Endpoints.md",
    "AZ-104/Docs - Azure Virtual WAN.md",
    "AZ-104/Docs - Azure ExpressRoute.md",
    "attachments/Pasted image 20230508221037.png",
    "attachments/Pasted image 20230508220935.png",
    "attachments/Pasted image 20230508220819.png",
    "AZ-104/Azure 104.canvas",
    "toc.js",
    "AZ-104"
  ]
}