{
  "workspaces": {
    "Main": {
      "main": {
        "id": "abfbb8e4599780c3",
        "type": "split",
        "children": [
          {
            "id": "4b2314ff9fb845e9",
            "type": "tabs",
            "children": [
              {
                "id": "545d0310bbf5e535",
                "type": "leaf",
                "state": {
                  "type": "markdown",
                  "state": {
                    "file": "Practice Answers.md",
                    "mode": "source",
                    "source": false
                  }
                }
              },
              {
                "id": "3713cb24ec83ca71",
                "type": "leaf",
                "state": {
                  "type": "markdown",
                  "state": {
                    "file": "AZ-104 - Index.md",
                    "mode": "preview",
                    "source": false
                  }
                }
              }
            ]
          }
        ],
        "direction": "vertical"
      },
      "left": {
        "id": "b8ce9362cfea4e4f",
        "type": "split",
        "children": [
          {
            "id": "c1c6d504f7954701",
            "type": "tabs",
            "children": [
              {
                "id": "79fee79ff603a2e3",
                "type": "leaf",
                "state": {
                  "type": "file-explorer",
                  "state": {
                    "sortOrder": "byCreatedTime"
                  }
                }
              },
              {
                "id": "69eb7c2a2f21eff0",
                "type": "leaf",
                "state": {
                  "type": "search",
                  "state": {
                    "query": "\"Containers\"",
                    "matchingCase": false,
                    "explainSearch": false,
                    "collapseAll": false,
                    "extraContext": false,
                    "sortOrder": "alphabetical"
                  }
                }
              },
              {
                "id": "44075d3ee789df36",
                "type": "leaf",
                "state": {
                  "type": "bookmarks",
                  "state": {}
                }
              }
            ]
          }
        ],
        "direction": "horizontal",
        "width": 237.5
      },
      "right": {
        "id": "5a39803e7fefe4f8",
        "type": "split",
        "children": [
          {
            "id": "61f43f9b6168964d",
            "type": "tabs",
            "children": [
              {
                "id": "e4b6dcd6b956368c",
                "type": "leaf",
                "state": {
                  "type": "backlink",
                  "state": {
                    "file": "Practice Answers.md",
                    "collapseAll": false,
                    "extraContext": false,
                    "sortOrder": "alphabetical",
                    "showSearch": false,
                    "searchQuery": "",
                    "backlinkCollapsed": true,
                    "unlinkedCollapsed": true
                  }
                }
              },
              {
                "id": "59cc2386cfb7a626",
                "type": "leaf",
                "state": {
                  "type": "outline",
                  "state": {
                    "file": "Practice Answers.md"
                  }
                }
              }
            ],
            "currentTab": 1
          }
        ],
        "direction": "horizontal",
        "width": 235.5,
        "collapsed": true
      },
      "left-ribbon": {
        "hiddenItems": {
          "table-editor-obsidian:Advanced Tables Toolbar": false,
          "switcher:Open quick switcher": false,
          "graph:Open graph view": false,
          "canvas:Create new canvas": false,
          "command-palette:Open command palette": false,
          "markdown-importer:Open format converter": false,
          "templates:Insert template": false,
          "workspaces:Manage workspace layouts": false
        }
      },
      "active": "79fee79ff603a2e3"
    },
    "Second": {
      "main": {
        "id": "abfbb8e4599780c3",
        "type": "split",
        "children": [
          {
            "id": "4b2314ff9fb845e9",
            "type": "tabs",
            "children": [
              {
                "id": "545d0310bbf5e535",
                "type": "leaf",
                "state": {
                  "type": "markdown",
                  "state": {
                    "file": "Practice Answers.md",
                    "mode": "source",
                    "source": false
                  }
                }
              },
              {
                "id": "3713cb24ec83ca71",
                "type": "leaf",
                "state": {
                  "type": "markdown",
                  "state": {
                    "file": "AZ-104 - Index.md",
                    "mode": "preview",
                    "source": false
                  }
                }
              }
            ]
          }
        ],
        "direction": "vertical"
      },
      "left": {
        "id": "b8ce9362cfea4e4f",
        "type": "split",
        "children": [
          {
            "id": "c1c6d504f7954701",
            "type": "tabs",
            "children": [
              {
                "id": "79fee79ff603a2e3",
                "type": "leaf",
                "state": {
                  "type": "file-explorer",
                  "state": {
                    "sortOrder": "byCreatedTime"
                  }
                }
              },
              {
                "id": "69eb7c2a2f21eff0",
                "type": "leaf",
                "state": {
                  "type": "search",
                  "state": {
                    "query": "\"Containers\"",
                    "matchingCase": false,
                    "explainSearch": false,
                    "collapseAll": false,
                    "extraContext": false,
                    "sortOrder": "alphabetical"
                  }
                }
              },
              {
                "id": "44075d3ee789df36",
                "type": "leaf",
                "state": {
                  "type": "bookmarks",
                  "state": {}
                }
              }
            ]
          }
        ],
        "direction": "horizontal",
        "width": 403.5
      },
      "right": {
        "id": "5a39803e7fefe4f8",
        "type": "split",
        "children": [
          {
            "id": "61f43f9b6168964d",
            "type": "tabs",
            "children": [
              {
                "id": "e4b6dcd6b956368c",
                "type": "leaf",
                "state": {
                  "type": "backlink",
                  "state": {
                    "file": "Practice Answers.md",
                    "collapseAll": false,
                    "extraContext": false,
                    "sortOrder": "alphabetical",
                    "showSearch": false,
                    "searchQuery": "",
                    "backlinkCollapsed": true,
                    "unlinkedCollapsed": true
                  }
                }
              },
              {
                "id": "59cc2386cfb7a626",
                "type": "leaf",
                "state": {
                  "type": "outline",
                  "state": {
                    "file": "Practice Answers.md"
                  }
                }
              }
            ],
            "currentTab": 1
          }
        ],
        "direction": "horizontal",
        "width": 432.5
      },
      "left-ribbon": {
        "hiddenItems": {
          "table-editor-obsidian:Advanced Tables Toolbar": false,
          "switcher:Open quick switcher": false,
          "graph:Open graph view": false,
          "canvas:Create new canvas": false,
          "command-palette:Open command palette": false,
          "markdown-importer:Open format converter": false,
          "templates:Insert template": false,
          "workspaces:Manage workspace layouts": false
        }
      },
      "active": "79fee79ff603a2e3"
    }
  },
  "active": "Second"
}