{
  "items": [
    {
      "type": "group",
      "ctime": 1685975371945,
      "items": [
        {
          "type": "file",
          "ctime": 1685975220127,
          "path": "Goals.md",
          "title": ""
        },
        {
          "type": "file",
          "path": "Days.md",
          "ctime": 1683124051742
        },
        {
          "type": "file",
          "path": "Weeks.md",
          "ctime": 1683124051742
        },
        {
          "type": "file",
          "ctime": 1687775268586,
          "path": "Months.md"
        },
        {
          "type": "file",
          "ctime": 1685380882395,
          "path": "Entertainment.md"
        }
      ],
      "title": "Overviews"
    },
    {
      "type": "group",
      "ctime": 1685975447405,
      "items": [
        {
          "type": "file",
          "path": "Misc/Stories of Khushi.md",
          "ctime": 1683124051742,
          "title": "Stories of Khushi"
        },
        {
          "type": "file",
          "ctime": 1684364905578,
          "path": "Misc/Tracking Khushi.md"
        },
        {
          "type": "file",
          "path": "Quotes.md",
          "ctime": 1683124051742
        },
        {
          "type": "file",
          "ctime": 1684366014192,
          "path": "Misc/Aim of this Journal.md",
          "title": "Aim of this Journal"
        },
        {
          "type": "file",
          "ctime": 1685655056430,
          "path": "Moods_Template.md"
        }
      ],
      "title": "Others"
    }
  ]
}