{
  "zen:toggle": [
    {
      "modifiers": [
        "Alt"
      ],
      "key": "Z"
    }
  ],
  "bookmarks:open": [
    {
      "modifiers": [
        "Alt"
      ],
      "key": "B"
    }
  ],
  "window:toggle-always-on-top": [
    {
      "modifiers": [
        "Mod"
      ],
      "key": "Home"
    }
  ],
  "app:toggle-right-sidebar": [
    {
      "modifiers": [
        "Mod"
      ],
      "key": "-"
    }
  ],
  "darlal-switcher-plus:switcher-plus:open": [
    {
      "modifiers": [
        "Mod"
      ],
      "key": "O"
    }
  ],
  "switcher:open": [],
  "global-search:open": [],
  "omnisearch:show-modal": [
    {
      "modifiers": [
        "Mod",
        "Shift"
      ],
      "key": "F"
    }
  ],
  "app:toggle-left-sidebar": [
    {
      "modifiers": [
        "Mod"
      ],
      "key": "/"
    }
  ],
  "editor:toggle-comments": [],
  "editor:toggle-source": [
    {
      "modifiers": [
        "Mod"
      ],
      "key": "`"
    }
  ],
  "theme-picker:open-theme-picker": [
    {
      "modifiers": [
        "Mod"
      ],
      "key": "F4"
    }
  ]
}