{
  "main": {
    "id": "fd59e768eda5c47b",
    "type": "split",
    "children": [
      {
        "id": "cde995164d1981bc",
        "type": "tabs",
        "children": [
          {
            "id": "407e5c7a64084e57",
            "type": "leaf",
            "state": {
              "type": "excalidraw",
              "state": {
                "file": "03 Excalidraw/Azure104-Map.md"
              }
            }
          },
          {
            "id": "2d86fd343b9e7909",
            "type": "leaf",
            "state": {
              "type": "markdown",
              "state": {
                "file": "02 Knowledge/Microsoft/Azure/Azure-MindMap - Overview.md",
                "mode": "preview",
                "source": false
              }
            }
          }
        ]
      }
    ],
    "direction": "vertical"
  },
  "left": {
    "id": "b901f264cd72d8f1",
    "type": "split",
    "children": [
      {
        "id": "cb7cac4b725ce136",
        "type": "tabs",
        "children": [
          {
            "id": "4e76c1792d3777c2",
            "type": "leaf",
            "state": {
              "type": "file-explorer",
              "state": {
                "sortOrder": "alphabetical"
              }
            }
          },
          {
            "id": "fb188fd27d8d24fb",
            "type": "leaf",
            "state": {
              "type": "search",
              "state": {
                "query": "",
                "matchingCase": false,
                "explainSearch": true,
                "collapseAll": true,
                "extraContext": true,
                "sortOrder": "alphabetical"
              }
            }
          },
          {
            "id": "201111fc4a93083d",
            "type": "leaf",
            "state": {
              "type": "bookmarks",
              "state": {}
            }
          }
        ]
      }
    ],
    "direction": "horizontal",
    "width": 309.5,
    "collapsed": true
  },
  "right": {
    "id": "bf3ffc6e81064ee3",
    "type": "split",
    "children": [
      {
        "id": "857459bd67a57bc0",
        "type": "tabs",
        "dimension": 68.82352941176471,
        "children": [
          {
            "id": "777a2cac58db69a3",
            "type": "leaf",
            "state": {
              "type": "tag",
              "state": {
                "sortOrder": "frequency",
                "useHierarchy": true
              }
            }
          },
          {
            "id": "2dada58e862f5784",
            "type": "leaf",
            "state": {
              "type": "outline",
              "state": {
                "file": "03 Excalidraw/Azure104-Map.md"
              }
            }
          },
          {
            "id": "c70f6935d7641746",
            "type": "leaf",
            "state": {
              "type": "backlink",
              "state": {
                "file": "03 Excalidraw/Azure104-Map.md",
                "collapseAll": false,
                "extraContext": false,
                "sortOrder": "alphabetical",
                "showSearch": false,
                "searchQuery": "",
                "backlinkCollapsed": true,
                "unlinkedCollapsed": true
              }
            }
          },
          {
            "id": "37e2341f000b26af",
            "type": "leaf",
            "state": {
              "type": "outgoing-link",
              "state": {
                "file": "03 Excalidraw/Azure104-Map.md",
                "linksCollapsed": false,
                "unlinkedCollapsed": true
              }
            }
          },
          {
            "id": "aa2e727d9cc9d52a",
            "type": "leaf",
            "state": {
              "type": "all-properties",
              "state": {
                "sortOrder": "frequency",
                "showSearch": false,
                "searchQuery": ""
              }
            }
          },
          {
            "id": "dcfdaf51329f0fbe",
            "type": "leaf",
            "state": {
              "type": "advanced-tables-toolbar",
              "state": {}
            }
          },
          {
            "id": "4868dbadef951ba6",
            "type": "leaf",
            "state": {
              "type": "quiet-outline",
              "state": {}
            }
          },
          {
            "id": "bc34e9c387996671",
            "type": "leaf",
            "state": {
              "type": "calendar",
              "state": {}
            }
          }
        ],
        "currentTab": 6
      },
      {
        "id": "8553e8d92121de93",
        "type": "tabs",
        "dimension": 31.176470588235293,
        "children": [
          {
            "id": "40c4cdd87cb56393",
            "type": "leaf",
            "state": {
              "type": "localgraph",
              "state": {
                "file": "03 Excalidraw/Azure104-Map.md",
                "options": {
                  "collapse-filter": false,
                  "search": "",
                  "localJumps": 1,
                  "localBacklinks": true,
                  "localForelinks": true,
                  "localInterlinks": false,
                  "showTags": false,
                  "showAttachments": false,
                  "hideUnresolved": false,
                  "collapse-color-groups": true,
                  "colorGroups": [],
                  "collapse-display": true,
                  "showArrow": false,
                  "textFadeMultiplier": 0,
                  "nodeSizeMultiplier": 1,
                  "lineSizeMultiplier": 1,
                  "collapse-forces": true,
                  "centerStrength": 0.518713248970312,
                  "repelStrength": 10,
                  "linkStrength": 1,
                  "linkDistance": 250,
                  "scale": 0.5087618855792593,
                  "close": true
                }
              }
            }
          }
        ]
      }
    ],
    "direction": "horizontal",
    "width": 256.5,
    "collapsed": true
  },
  "left-ribbon": {
    "hiddenItems": {
      "graph:Open graph view": false,
      "switcher:Open quick switcher": false,
      "command-palette:Open command palette": false,
      "templates:Insert template": false,
      "canvas:Create new canvas": false,
      "table-editor-obsidian:Advanced Tables Toolbar": false,
      "notion-like-tables:Create loom": false,
      "obsidian42-text-transporter:Text Transporter": false,
      "darlal-switcher-plus:Open in Headings Mode": false,
      "darlal-switcher-plus:Open Symbols for the active editor": false,
      "obsidian-excalidraw-plugin:Create new drawing": false,
      "omnisearch:Omnisearch": false
    }
  },
  "active": "407e5c7a64084e57",
  "lastOpenFiles": [
    "02 Knowledge/Microsoft/Azure/Azure-MindMap - Overview.md",
    "03 Excalidraw/Azure104-Map.md",
    "02 Knowledge/Microsoft/Azure/AZ-104/Docs - Role-Based Access Control.md",
    "02 Knowledge/Microsoft/Azure/AZ-104/Azure RBAC.md",
    "04 Misc/Attachments/RBAC-GoodNotes.png",
    "04 Misc/Attachments/Icons/management + governance/icon policy definition.png",
    "04 Misc/Attachments/Icons/general/10002 icon service Subscriptions.svg",
    "04 Misc/Attachments/Icons/general/10011 icon service Management Groups.svg",
    "04 Misc/Attachments/Icons/general/10116 icon service Region Management.svg",
    "02 Knowledge/Microsoft/Azure/AZ-104/Docs - Azure Regions.md",
    "04 Misc/Attachments/Icons/Microsoft Entra color icons SVG/Microsoft Entra Product Family.svg",
    "02 Knowledge/Microsoft/Azure/AZ-104/Self-Service Password Reset.md",
    "00 Atlas/Azure_Main.canvas",
    "03 Excalidraw/Azure104-Map.light.png",
    "03 Excalidraw/Azure104-Map.light.svg",
    "03 Excalidraw/Azure104-Map.dark.png",
    "03 Excalidraw/Azure104-Map.dark.svg",
    "03 Excalidraw/Drawing 2024-08-30 14.50.13.excalidraw.md",
    "00 Atlas/DevOps-Dashboard.md",
    "02 Knowledge/Docker/DockerTopics.md",
    "02 Knowledge/Microsoft/Azure/Practice Answers.md",
    "02 Knowledge/Microsoft/Azure/AZ-104/Docs - Virtual Machine Backup.md",
    "02 Knowledge/Microsoft/Azure/AZ-104/Docs - VM Insights.md",
    "02 Knowledge/Microsoft/Azure/AZ-104/Docs - Network Watcher.md",
    "02 Knowledge/Microsoft/Azure/AZ-104/Docs - Log Analytics.md",
    "02 Knowledge/Microsoft/Azure/AZ-104/Docs - Azure Alerts.md",
    "02 Knowledge/Microsoft/Azure/AZ-104/Docs - Azure Monitor.md",
    "02 Knowledge/Microsoft/Azure/AZ-104/Docs - File and Folder backups.md",
    "02 Knowledge/Microsoft/Azure/AZ-104/Azure-Policy-Draw.md",
    "02 Knowledge/Microsoft/Azure/AZ-104/Book - RBAC.md",
    "02 Knowledge/Microsoft/Azure/AZ-104/Azure 104.canvas",
    "02 Knowledge/Microsoft/Azure/AZ-104/Book - Azure AD Objects.md",
    "02 Knowledge/Microsoft/Azure/AZ-104/Book - Azure Policy.md",
    "02 Knowledge/Microsoft/Azure/AZ-900/Docs - Introduction.md",
    "01 Projects/Azure 104 MindMap.md",
    "02 Knowledge/Microsoft/Azure/10316-icon-service-Policy.svg.md",
    "02 Knowledge/Microsoft/Azure/02573-icon-service-Azure-Hybrid-Center.svg.md",
    "02 Knowledge/Microsoft/Azure/AZ-900/Docs - Monitoring Services.md",
    "03 Excalidraw",
    "02 Knowledge/Microsoft/AZ-104-GitHub-Lab/Allfiles/Interactive Lab Simulation Files/08/lab08diskcode.txt",
    "02 Knowledge/Microsoft/AZ-104-GitHub-Lab/Allfiles/Interactive Lab Simulation Files/08/az104-08-install_IIS.ps1",
    "02 Knowledge/Microsoft/AZ-104-GitHub-Lab/Allfiles/Interactive Lab Simulation Files/08/az104-08-custom_script_extension.json",
    "02 Knowledge/Microsoft/AZ-104-GitHub-Lab/Allfiles/Interactive Lab Simulation Files/08/az104-08-configure_VMSS_disks.ps1",
    "02 Knowledge/Microsoft/AZ-104-GitHub-Lab/Allfiles/Labs/06/az104-06-vms-template.json",
    "02 Knowledge/Microsoft/AZ-104-GitHub-Lab/Allfiles/Labs/06/az104-06-vms-parameters.json",
    "02 Knowledge/Microsoft/AZ-104-GitHub-Lab/Allfiles/Labs/11/az104-11-vm-template.json",
    "02 Knowledge/Microsoft/AZ-104-GitHub-Lab/Allfiles/Labs/10/az104-10-vms-edge-template.json",
    "02 Knowledge/Microsoft/AZ-104-GitHub-Lab/Allfiles/Labs/10/az104-10-vms-edge-parameters.json",
    "02 Knowledge/Docker/Docker Canvas.canvas",
    "Concepts/Microsoft/Azure/AZ-104/Azure 104.canvas",
    "1-Projects/Coding Challenge - AutoZone/AutoZone Challenge.canvas",
    "2-Knowledge/DevOps/Terraform/Terrafrom_Canvas.canvas",
    "Concepts/DevOps/Docker/Docker Canvas.canvas",
    "Weekly/W17-23-Canvas.canvas"
  ]
}