{
  "main": {
    "id": "fd59e768eda5c47b",
    "type": "split",
    "children": [
      {
        "id": "615962d2aa35fffd",
        "type": "tabs",
        "children": [
          {
            "id": "e9a8fc67a6b44a51",
            "type": "leaf",
            "state": {
              "type": "markdown",
              "state": {
                "file": "Tracking Khushi.md",
                "mode": "preview",
                "source": false
              }
            }
          }
        ]
      }
    ],
    "direction": "vertical"
  },
  "left": {
    "id": "cc7edb0afa80cbc6",
    "type": "mobile-drawer",
    "children": [
      {
        "id": "410a5ae21f942d62",
        "type": "leaf",
        "state": {
          "type": "file-explorer",
          "state": {
            "sortOrder": "alphabetical"
          }
        }
      },
      {
        "id": "135866e8a79b9037",
        "type": "leaf",
        "state": {
          "type": "search",
          "state": {
            "query": "",
            "matchingCase": false,
            "explainSearch": false,
            "collapseAll": false,
            "extraContext": false,
            "sortOrder": "alphabetical"
          }
        }
      },
      {
        "id": "0d08df430632abf5",
        "type": "leaf",
        "state": {
          "type": "tag",
          "state": {
            "sortOrder": "frequency",
            "useHierarchy": true
          }
        }
      },
      {
        "id": "0a87a25c4b3d386b",
        "type": "leaf",
        "state": {
          "type": "bookmarks",
          "state": {}
        }
      }
    ],
    "currentTab": 3
  },
  "right": {
    "id": "4109c5c61ff4a779",
    "type": "mobile-drawer",
    "children": [
      {
        "id": "041868b516db34bd",
        "type": "leaf",
        "state": {
          "type": "backlink",
          "state": {
            "file": "Tracking Khushi.md",
            "collapseAll": false,
            "extraContext": false,
            "sortOrder": "alphabetical",
            "showSearch": false,
            "searchQuery": "",
            "backlinkCollapsed": false,
            "unlinkedCollapsed": true
          }
        }
      },
      {
        "id": "89148d612b5af710",
        "type": "leaf",
        "state": {
          "type": "calendar",
          "state": {}
        }
      },
      {
        "id": "2a8fcb2dc1a96ff3",
        "type": "leaf",
        "state": {
          "type": "outgoing-link",
          "state": {
            "file": "Tracking Khushi.md",
            "linksCollapsed": false,
            "unlinkedCollapsed": true
          }
        }
      },
      {
        "id": "7779692cfb793c70",
        "type": "leaf",
        "state": {
          "type": "outline",
          "state": {
            "file": "Tracking Khushi.md"
          }
        }
      }
    ],
    "currentTab": 1
  },
  "left-ribbon": {
    "hiddenItems": {
      "switcher:Open quick switcher": false,
      "graph:Open graph view": false,
      "canvas:Create new canvas": false,
      "daily-notes:Open today's daily note": false,
      "templates:Insert template": false,
      "command-palette:Open command palette": false
    }
  },
  "active": "e9a8fc67a6b44a51",
  "lastOpenFiles": [
    "Days.md",
    "Weekly/W21-2023.md",
    "Misc/Sync-Setup.md",
    "Misc/Attachments/Pasted image 20230526163616.png",
    "Misc/Attachments/Pasted image 20230526163054.png",
    "Weekly/W20-2023.md",
    "Stories of Khushi.md",
    "Daily/May 2023/May 25th 2023 S.md",
    "May 25th 2023 S.md",
    "Daily/May 25th 2023.md",
    "Daily/May 2023/May 3rd 2023.md",
    "Daily/May 2023/May 20th 2023.md",
    "Daily/May 2023/May 10th 2023 S.md",
    "Daily/May 2023/May 19th 2023.md",
    "Daily/May 2023/May 6th 2023.md",
    "Daily/May 2023/May 4th 2023.md",
    "Daily/May 2023/May 17th 2023.md",
    "Daily/May 2023/May 7th 2023.md",
    "Daily/May 2023/May 23rd 2023.md",
    "Daily/May 2023/May 18th 2023.md",
    "Daily/May 2023/May 24th 2023.md",
    "Daily/May 2023/May 11th 2023.md",
    "Daily/May 2023/May 21st 2023.md",
    "Daily/May 2023/May 5th 2023.md",
    "Daily/May 2023/May 15th 2023.md",
    "Daily/May 2023/May 10th 2023.md",
    "Daily/May 2023/May 1st 2023.md",
    "Daily/May 2023/May 22nd 2023.md",
    "Daily/May 2023"
  ]
}